center_timestep,cluster_label
2,-1
3,-1
4,-1
5,-1
6,-1
7,-1
8,-1
9,-1
10,-1
11,-1
12,-1
13,-1
14,-1
15,-1
16,-1
17,1
18,1
19,1
20,1
21,1
22,1
23,1
24,1
25,1
26,1
27,1
28,1
29,1
30,-1
31,-1
32,-1
33,-1
34,0
35,0
36,0
37,0
38,0
39,0
40,0
41,0
42,0
43,0
44,0
45,0
46,0
47,0
48,0
49,0
50,0
51,0
52,0
53,0
54,0
55,0
56,0
57,0
58,0
59,0
60,0
61,0
62,0
63,0
64,0
65,0
66,-1
67,0
68,2
69,2
70,2
71,2
72,2
73,2
74,2
75,2
76,2
77,2
78,2
79,2
80,2
81,2
82,2
83,2
84,2
85,-1
86,-1
87,-1
88,-1
89,11
90,11
91,11
92,11
93,11
94,11
95,11
96,11
97,11
98,11
99,11
100,11
101,11
102,11
103,11
104,11
105,11
106,11
107,11
108,11
109,-1
110,-1
111,12
112,12
113,12
114,12
115,12
116,12
117,12
118,12
119,12
120,12
121,12
122,12
123,12
124,12
125,12
126,12
127,-1
128,-1
129,-1
130,-1
131,-1
132,-1
133,-1
134,-1
135,-1
136,-1
137,-1
138,-1
139,-1
140,-1
141,-1
142,-1
143,-1
144,-1
145,-1
146,-1
147,-1
148,-1
149,-1
150,-1
151,-1
152,-1
153,-1
154,-1
155,-1
156,-1
157,22
158,-1
159,-1
160,22
161,22
162,-1
163,22
164,22
165,22
166,22
167,-1
168,-1
169,-1
170,22
171,-1
172,22
173,22
174,22
175,22
176,22
177,22
178,22
179,22
180,22
181,22
182,22
183,22
184,22
185,22
186,22
187,22
188,22
189,-1
190,-1
191,-1
192,-1
193,-1
194,-1
195,-1
196,-1
197,-1
198,-1
199,-1
200,-1
201,-1
202,-1
203,-1
204,-1
205,-1
206,-1
207,-1
208,-1
209,-1
210,-1
211,-1
212,-1
213,-1
214,-1
215,-1
216,-1
217,-1
218,-1
219,-1
220,-1
221,-1
222,-1
223,-1
224,-1
225,23
226,23
227,23
228,23
229,23
230,23
231,23
232,23
233,23
234,23
235,23
236,23
237,23
238,23
239,23
240,23
241,23
242,23
243,23
244,23
245,23
246,23
247,23
248,23
249,23
250,23
251,23
252,23
253,23
254,23
255,23
256,23
257,23
258,23
259,23
260,23
261,23
262,23
263,23
264,23
265,23
266,23
267,23
268,23
269,-1
270,-1
271,-1
272,-1
273,-1
274,-1
275,-1
276,-1
277,-1
278,-1
279,-1
280,-1
281,-1
282,-1
283,-1
284,-1
285,-1
286,23
287,-1
288,-1
289,24
290,24
291,24
292,24
293,24
294,24
295,24
296,24
297,24
298,24
299,24
300,24
301,24
302,24
303,24
304,24
305,24
306,24
307,24
308,24
309,24
310,24
311,24
312,24
313,24
314,24
315,24
316,24
317,24
318,24
319,24
320,24
321,24
322,24
323,24
324,24
325,24
326,24
327,24
328,24
329,24
330,24
331,24
332,24
333,24
334,24
335,24
336,24
337,24
338,24
339,24
340,24
341,24
342,24
343,24
344,24
345,-1
346,-1
347,-1
348,-1
349,-1
350,-1
351,-1
352,-1
353,-1
354,-1
355,-1
356,-1
357,-1
358,-1
359,-1
360,-1
361,-1
362,-1
363,-1
364,-1
365,-1
366,-1
367,-1
368,-1
369,-1
370,-1
371,-1
372,-1
373,26
374,-1
375,-1
376,26
377,26
378,26
379,26
380,26
381,26
382,26
383,26
384,26
385,26
386,26
387,26
388,26
389,26
390,26
391,-1
392,26
393,26
394,26
395,26
396,26
397,26
398,26
399,26
400,26
401,26
402,26
403,26
404,26
405,26
406,26
407,26
408,26
409,26
410,26
411,26
412,26
413,26
414,26
415,26
416,26
417,26
418,26
419,26
420,26
421,26
422,26
423,26
424,26
425,26
426,26
427,26
428,26
429,26
430,26
431,26
432,26
433,26
434,26
435,26
436,26
437,26
438,26
439,26
440,26
441,26
442,26
443,26
444,26
445,26
446,26
447,26
448,26
449,26
450,26
451,26
452,26
453,26
454,26
455,26
456,26
457,26
458,26
459,26
460,26
461,26
462,26
463,26
464,26
465,26
466,26
467,26
468,26
469,26
470,26
471,26
472,26
473,26
474,26
475,26
476,26
477,26
478,26
479,26
480,26
481,26
482,26
483,26
484,26
485,26
486,26
487,26
488,26
489,26
490,26
491,26
492,26
493,26
494,26
495,26
496,26
497,26
498,26
499,26
500,26
501,26
502,26
503,26
504,26
505,26
506,26
507,26
508,26
509,26
510,26
511,26
512,26
513,26
514,26
515,26
516,26
517,26
518,26
519,26
520,26
521,26
522,26
523,26
524,26
525,26
526,26
527,26
528,26
529,26
530,26
531,26
532,26
533,26
534,26
535,26
536,26
537,26
538,26
539,26
540,26
541,26
542,26
543,26
544,26
545,26
546,26
547,26
548,26
549,26
550,26
551,26
552,26
553,26
554,26
555,26
556,-1
557,-1
558,25
559,-1
560,-1
561,-1
562,-1
563,25
564,25
565,25
566,25
567,25
568,25
569,25
570,25
571,25
572,25
573,25
574,25
575,25
576,25
577,-1
578,-1
579,-1
580,-1
581,-1
582,-1
583,-1
584,-1
585,-1
586,-1
587,-1
588,-1
589,-1
590,-1
591,-1
592,-1
593,-1
594,-1
595,-1
596,-1
597,-1
598,-1
599,-1
600,-1
601,-1
602,-1
603,-1
604,-1
605,-1
606,-1
607,-1
608,-1
609,-1
610,-1
611,-1
612,-1
613,-1
614,-1
615,-1
616,-1
617,-1
618,-1
619,-1
620,-1
621,-1
622,-1
623,-1
624,-1
625,-1
626,-1
627,-1
628,-1
629,-1
630,-1
631,-1
632,-1
633,-1
634,-1
635,-1
636,-1
637,-1
638,-1
639,-1
640,21
641,21
642,21
643,21
644,21
645,21
646,21
647,21
648,21
649,21
650,21
651,21
652,21
653,21
654,21
655,21
656,21
657,21
658,21
659,21
660,21
661,21
662,21
663,21
664,21
665,21
666,21
667,21
668,21
669,21
670,21
671,21
672,21
673,-1
674,-1
675,-1
676,-1
677,-1
678,-1
679,-1
680,13
681,13
682,13
683,13
684,13
685,13
686,13
687,13
688,13
689,13
690,13
691,13
692,-1
693,-1
694,-1
695,-1
696,-1
697,-1
698,-1
699,-1
700,13
701,-1
702,-1
703,-1
704,-1
705,14
706,14
707,14
708,14
709,14
710,-1
711,-1
712,14
713,14
714,14
715,14
716,14
717,14
718,14
719,14
720,14
721,14
722,14
723,14
724,14
725,14
726,14
727,14
728,14
729,14
730,14
731,14
732,14
733,14
734,14
735,14
736,14
737,14
738,14
739,14
740,14
741,14
742,14
743,14
744,14
745,14
746,14
747,14
748,14
749,14
750,14
751,14
752,14
753,14
754,14
755,-1
756,-1
757,-1
758,-1
759,-1
760,-1
761,-1
762,-1
763,-1
764,-1
765,-1
766,-1
767,-1
768,-1
769,-1
770,-1
771,-1
772,8
773,8
774,8
775,8
776,8
777,8
778,8
779,8
780,8
781,8
782,8
783,8
784,8
785,8
786,8
787,8
788,8
789,8
790,8
791,8
792,8
793,8
794,8
795,8
796,8
797,8
798,8
799,8
800,8
801,8
802,8
803,8
804,8
805,8
806,8
807,8
808,8
809,8
810,8
811,8
812,8
813,8
814,8
815,8
816,8
817,8
818,8
819,-1
820,-1
821,-1
822,-1
823,-1
824,7
825,7
826,7
827,7
828,7
829,7
830,7
831,7
832,-1
833,7
834,7
835,7
836,7
837,7
838,7
839,7
840,7
841,7
842,7
843,7
844,7
845,7
846,7
847,7
848,6
849,-1
850,6
851,6
852,6
853,6
854,6
855,6
856,6
857,6
858,6
859,6
860,6
861,6
862,6
863,6
864,6
865,6
866,6
867,6
868,6
869,6
870,6
871,6
872,6
873,6
874,6
875,6
876,6
877,6
878,6
879,6
880,6
881,6
882,6
883,6
884,6
885,6
886,6
887,6
888,6
889,6
890,6
891,6
892,6
893,6
894,6
895,6
896,6
897,6
898,6
899,6
900,6
901,6
902,6
903,6
904,6
905,6
906,6
907,6
908,6
909,6
910,6
911,6
912,6
913,6
914,6
915,6
916,6
917,6
918,6
919,6
920,6
921,6
922,6
923,6
924,6
925,6
926,6
927,6
928,6
929,6
930,6
931,6
932,6
933,6
934,6
935,6
936,6
937,6
938,6
939,6
940,6
941,6
942,6
943,6
944,6
945,6
946,6
947,6
948,6
949,6
950,6
951,6
952,6
953,6
954,6
955,-1
956,-1
957,-1
958,-1
959,-1
960,4
961,-1
962,-1
963,4
964,4
965,4
966,4
967,4
968,4
969,4
970,4
971,4
972,-1
973,-1
974,-1
975,-1
976,-1
977,-1
978,4
979,4
980,4
981,4
982,4
983,-1
984,-1
985,-1
986,-1
987,10
988,10
989,10
990,10
991,10
992,10
993,10
994,10
995,10
996,10
997,10
998,10
999,10
1000,10
1001,10
1002,10
1003,10
1004,10
1005,10
1006,10
1007,10
1008,10
1009,10
1010,10
1011,10
1012,10
1013,10
1014,10
1015,10
1016,10
1017,10
1018,-1
1019,-1
1020,-1
1021,-1
1022,-1
1023,-1
1024,-1
1025,-1
1026,-1
1027,-1
1028,-1
1029,-1
1030,-1
1031,-1
1032,-1
1033,-1
1034,-1
1035,-1
1036,-1
1037,17
1038,17
1039,17
1040,17
1041,17
1042,17
1043,17
1044,17
1045,17
1046,17
1047,17
1048,17
1049,17
1050,17
1051,17
1052,17
1053,17
1054,17
1055,17
1056,17
1057,17
1058,17
1059,17
1060,17
1061,17
1062,17
1063,17
1064,17
1065,17
1066,17
1067,17
1068,17
1069,17
1070,17
1071,17
1072,17
1073,17
1074,17
1075,17
1076,17
1077,17
1078,17
1079,17
1080,17
1081,17
1082,17
1083,17
1084,17
1085,17
1086,17
1087,17
1088,17
1089,17
1090,17
1091,17
1092,17
1093,17
1094,17
1095,17
1096,17
1097,17
1098,17
1099,17
1100,-1
1101,-1
1102,-1
1103,17
1104,18
1105,-1
1106,18
1107,18
1108,18
1109,18
1110,18
1111,18
1112,18
1113,18
1114,18
1115,18
1116,18
1117,18
1118,18
1119,18
1120,18
1121,18
1122,18
1123,18
1124,18
1125,18
1126,18
1127,18
1128,18
1129,18
1130,18
1131,18
1132,18
1133,18
1134,18
1135,18
1136,-1
1137,-1
1138,-1
1139,-1
1140,-1
1141,-1
1142,-1
1143,-1
1144,-1
1145,-1
1146,-1
1147,-1
1148,-1
1149,-1
1150,-1
1151,-1
1152,-1
1153,-1
1154,-1
1155,-1
1156,-1
1157,-1
1158,-1
1159,-1
1160,-1
1161,-1
1162,-1
1163,-1
1164,-1
1165,-1
1166,-1
1167,19
1168,19
1169,19
1170,19
1171,19
1172,19
1173,19
1174,19
1175,19
1176,19
1177,19
1178,19
1179,19
1180,19
1181,19
1182,19
1183,19
1184,19
1185,19
1186,19
1187,19
1188,19
1189,19
1190,19
1191,19
1192,19
1193,19
1194,19
1195,19
1196,19
1197,19
1198,19
1199,19
1200,19
1201,19
1202,19
1203,19
1204,19
1205,19
1206,19
1207,19
1208,19
1209,19
1210,19
1211,19
1212,19
1213,19
1214,19
1215,19
1216,19
1217,19
1218,19
1219,19
1220,19
1221,19
1222,19
1223,19
1224,19
1225,19
1226,19
1227,19
1228,19
1229,19
1230,19
1231,19
1232,19
1233,19
1234,19
1235,19
1236,19
1237,19
1238,19
1239,19
1240,19
1241,19
1242,19
1243,19
1244,19
1245,19
1246,19
1247,19
1248,19
1249,19
1250,19
1251,19
1252,19
1253,19
1254,19
1255,19
1256,19
1257,19
1258,19
1259,19
1260,19
1261,19
1262,19
1263,19
1264,-1
1265,19
1266,19
1267,19
1268,19
1269,-1
1270,-1
1271,-1
1272,19
1273,19
1274,19
1275,19
1276,-1
1277,-1
1278,-1
1279,-1
1280,-1
1281,-1
1282,-1
1283,-1
1284,-1
1285,-1
1286,-1
1287,-1
1288,-1
1289,-1
1290,-1
1291,-1
1292,-1
1293,-1
1294,-1
1295,-1
1296,-1
1297,20
1298,20
1299,20
1300,20
1301,20
1302,20
1303,20
1304,20
1305,20
1306,20
1307,20
1308,20
1309,20
1310,20
1311,20
1312,20
1313,20
1314,20
1315,20
1316,20
1317,20
1318,20
1319,20
1320,20
1321,20
1322,20
1323,20
1324,20
1325,20
1326,20
1327,-1
1328,-1
1329,-1
1330,-1
1331,-1
1332,-1
1333,-1
1334,13
1335,13
1336,13
1337,13
1338,13
1339,13
1340,13
1341,13
1342,13
1343,13
1344,-1
1345,13
1346,-1
1347,-1
1348,-1
1349,-1
1350,-1
1351,14
1352,-1
1353,-1
1354,-1
1355,15
1356,15
1357,15
1358,15
1359,15
1360,15
1361,15
1362,15
1363,15
1364,15
1365,15
1366,15
1367,15
1368,15
1369,15
1370,15
1371,15
1372,15
1373,15
1374,15
1375,15
1376,15
1377,15
1378,15
1379,15
1380,15
1381,15
1382,15
1383,15
1384,15
1385,15
1386,15
1387,15
1388,15
1389,15
1390,15
1391,15
1392,15
1393,15
1394,15
1395,15
1396,15
1397,15
1398,15
1399,15
1400,15
1401,15
1402,15
1403,15
1404,15
1405,15
1406,15
1407,15
1408,15
1409,15
1410,15
1411,15
1412,15
1413,15
1414,15
1415,15
1416,15
1417,-1
1418,-1
1419,-1
1420,-1
1421,-1
1422,-1
1423,-1
1424,-1
1425,-1
1426,-1
1427,8
1428,8
1429,8
1430,8
1431,8
1432,8
1433,8
1434,8
1435,8
1436,8
1437,8
1438,8
1439,8
1440,8
1441,8
1442,8
1443,8
1444,8
1445,-1
1446,-1
1447,-1
1448,-1
1449,-1
1450,-1
1451,-1
1452,-1
1453,-1
1454,-1
1455,-1
1456,-1
1457,8
1458,-1
1459,-1
1460,-1
1461,-1
1462,9
1463,9
1464,9
1465,9
1466,9
1467,9
1468,9
1469,9
1470,9
1471,9
1472,9
1473,9
1474,9
1475,9
1476,9
1477,9
1478,9
1479,-1
1480,-1
1481,-1
1482,7
1483,7
1484,7
1485,7
1486,7
1487,7
1488,7
1489,7
1490,7
1491,7
1492,7
1493,7
1494,7
1495,7
1496,7
1497,7
1498,7
1499,7
1500,7
1501,7
1502,-1
1503,-1
1504,-1
1505,-1
1506,-1
1507,-1
1508,3
1509,-1
1510,3
1511,-1
1512,-1
1513,-1
1514,-1
1515,-1
1516,-1
1517,3
1518,3
1519,3
1520,3
1521,3
1522,3
1523,3
1524,3
1525,3
1526,3
1527,3
1528,3
1529,3
1530,3
1531,3
1532,3
1533,3
1534,3
1535,3
1536,3
1537,3
1538,3
1539,3
1540,3
1541,3
1542,3
1543,3
1544,3
1545,3
1546,3
1547,3
1548,3
1549,3
1550,3
1551,3
1552,3
1553,3
1554,3
1555,3
1556,3
1557,3
1558,3
1559,3
1560,3
1561,3
1562,3
1563,3
1564,3
1565,3
1566,3
1567,3
1568,3
1569,3
1570,3
1571,3
1572,3
1573,3
1574,3
1575,3
1576,3
1577,3
1578,3
1579,3
1580,3
1581,3
1582,3
1583,3
1584,3
1585,3
1586,3
1587,3
1588,3
1589,3
1590,3
1591,3
1592,3
1593,3
1594,3
1595,3
1596,3
1597,3
1598,3
1599,3
1600,3
1601,3
1602,3
1603,3
1604,3
1605,3
1606,3
1607,3
1608,3
1609,3
1610,3
1611,3
1612,3
1613,3
1614,3
1615,3
1616,3
1617,3
1618,3
1619,3
1620,3
1621,3
1622,3
1623,3
1624,3
1625,3
1626,-1
1627,-1
1628,-1
1629,-1
1630,-1
1631,-1
1632,-1
1633,-1
1634,5
1635,5
1636,5
1637,5
1638,5
1639,5
1640,5
1641,5
1642,5
1643,5
1644,5
1645,5
1646,5
1647,5
1648,5
1649,5
1650,5
1651,5
1652,5
1653,5
1654,5
1655,5
1656,5
1657,5
1658,5
1659,5
1660,5
1661,-1
1662,-1
1663,5
1664,5
1665,5
1666,5
1667,5
1668,5
1669,5
1670,5
1671,5
1672,5
1673,-1
1674,-1
1675,-1
1676,-1
1677,-1
1678,-1
1679,-1
1680,-1
1681,-1
1682,-1
1683,-1
1684,-1
1685,-1
1686,-1
1687,-1
1688,-1
1689,-1
1690,-1
1691,-1
1692,-1
1693,-1
1694,-1
1695,-1
1696,-1
1697,-1
1698,-1
1699,-1
1700,-1
1701,-1
1702,16
1703,16
1704,16
1705,16
1706,16
1707,16
1708,16
1709,16
1710,16
1711,16
1712,16
1713,16
1714,16
1715,16
1716,16
1717,16
1718,16
1719,16
1720,16
1721,16
1722,16
1723,16
1724,16
1725,16
1726,16
1727,16
1728,-1
1729,-1
1730,-1
1731,-1
1732,16
1733,16
1734,16
1735,16
1736,16
1737,16
1738,16
1739,16
1740,16
1741,16
1742,16
1743,16
1744,16
1745,16
1746,16
1747,16
1748,16
1749,16
1750,16
1751,16
1752,16
1753,16
1754,16
1755,16
1756,-1
1757,-1
1758,18
1759,18
1760,-1
1761,18
1762,18
1763,18
1764,18
1765,-1
1766,18
1767,-1
1768,18
1769,18
1770,18
1771,18
1772,18
1773,18
1774,18
1775,18
1776,18
1777,18
1778,18
1779,18
1780,18
1781,18
1782,18
1783,18
1784,-1
1785,-1
1786,-1
1787,-1
1788,-1
1789,-1
1790,-1
1791,-1
1792,-1
1793,-1
1794,-1
1795,-1
1796,-1
1797,-1
1798,-1
1799,-1
1800,-1
1801,-1
1802,-1
1803,-1
1804,-1
1805,-1
1806,-1
1807,-1
1808,-1
1809,-1
1810,-1
1811,-1
1812,-1
1813,-1
1814,-1
1815,-1
1816,-1
1817,-1
1818,-1
1819,-1
1820,-1
1821,-1
1822,-1
1823,-1
1824,-1
1825,-1
1826,-1
1827,-1
1828,-1
1829,-1
1830,-1
1831,-1
1832,-1
1833,-1
1834,-1
1835,-1
1836,-1
1837,-1
1838,-1
1839,-1
1840,-1
1841,-1
1842,-1
1843,-1
1844,-1
1845,-1
1846,-1
1847,-1
1848,-1
1849,-1
1850,-1
1851,-1
1852,-1
1853,-1
1854,-1
1855,-1
1856,-1
1857,-1
1858,-1
1859,-1
1860,-1
1861,-1
1862,-1
1863,-1
1864,-1
1865,-1
1866,-1
1867,-1
1868,-1
1869,-1
1870,-1
1871,-1
1872,-1
1873,-1
1874,-1
1875,-1
1876,-1
1877,-1
1878,-1
1879,-1
1880,-1
1881,-1
1882,-1
1883,-1
1884,-1
1885,-1
1886,-1
1887,-1
1888,-1
1889,-1
1890,-1
1891,-1
1892,-1
1893,-1
1894,-1
